{
    "0": -132.4052134791639,
    "1": -105.37928337582062,
    "2": -78.89654188621498,
    "3": -52.94620491711278,
    "4": -27.518118003248674,
    "5": -2.6027263453098044,
    "6": 21.808954639327,
    "7": 45.72536825310371,
    "8": 69.15444494203587,
    "9": 92.10363020671338,
    "10": 114.57991200054727,
    "11": 136.58984761526264,
    "12": 158.13959005363742,
    "13": 179.23491388948779,
    "14": 199.8812406148987,
    "15": 220.0836634747014,
    "16": 239.84697178819638,
    "17": 259.1756747581227,
    "18": 278.0740247668732,
    "19": 296.54604015995596,
    "20": 314.59552751670174,
    "21": 332.2261034082171,
    "22": 349.4412156425843,
    "23": 366.24416399730694,
    "24": 382.638120439001,
    "25": 398.62614883033325,
    "26": 414.2112241242048,
    "27": 429.3962510451803,
    "28": 444.18408225816484,
    "29": 458.5775360243249,
    "30": 472.5794133442573,
    "31": 486.19251458840233,
    "32": 499.4196556147044,
    "33": 512.2636833735179,
    "34": 524.72749099976,
    "35": 536.8140323923079,
    "36": 548.5263362806444,
    "37": 559.867519778747,
    "38": 570.8408014262255,
    "39": 581.4495137167039,
    "40": 591.6971151134488,
    "41": 601.5872015522448,
    "42": 611.1235174315144,
    "43": 620.309966089685,
    "44": 629.1506197698018,
    "45": 637.6497290713864,
    "46": 645.8117318895427,
    "47": 653.6412618413059,
    "48": 661.1431561792415,
    "49": 668.3224631922874,
    "50": 675.1844490938431,
    "51": 681.7346043971055,
    "52": 687.978649777649,
    "53": 693.9225414232544,
    "54": 699.5724758709808,
    "55": 704.934894331486,
    "56": 710.0164865005913,
    "57": 714.8241938580936,
    "58": 719.3652124538232,
    "59": 723.6469951809465,
    "60": 727.6772535365167,
    "61": 731.4639588692689,
    "62": 735.0153431146629,
    "63": 738.3398990171697,
    "64": 741.4463798398067,
    "65": 744.3437985609172,
    "66": 747.0414265581962,
    "67": 749.5487917799634,
    "68": 751.8756764036806,
    "69": 754.0321139817161,
    "70": 756.0283860743549,
    "71": 757.8750183700561,
    "72": 759.5827762929538,
    "73": 761.1626600976066,
    "74": 762.6258994509915,
    "75": 763.9839475017455,
    "76": 765.2484744366511,
    "77": 766.4313605243698,
    "78": 767.5446886464198,
    "79": 768.6007363154032,
    "80": 769.6119671804739,
    "81": 770.5910220200568,
    "82": 771.550709221809,
    "83": 772.5039947498316,
    "84": 773.4639915991208,
    "85": 774.4439487372736,
    "86": 775.4572395334312,
    "87": 776.5173496744745,
    "88": 777.6378645684628,
    "89": 778.8324562353199,
    "90": 780.1148696847631,
    "91": 781.4989087814852,
    "92": 782.998421597573,
    "93": 784.6272852521814,
    "94": 786.399390238445,
    "95": 788.3286242376446,
    "96": 790.4288554206091,
    "97": 792.7139152363762,
    "98": 795.1975806880878,
    "99": 797.893556096134,
    "100": 800.8154543485518,
    "101": 803.9767776386589,
    "102": 807.3908976899377,
    "103": 811.071035468166,
    "104": 815.030240380795,
    "105": 819.2813689635695,
    "106": 823.8370630543969,
    "107": 828.7097274544635,
    "108": 833.9115070765907,
    "109": 839.454263580847,
    "110": 845.3495514973956,
    "111": 851.6085938365977,
    "112": 858.2422571863522,
    "113": 865.2610262966915,
    "114": 872.6749781516163,
    "115": 880.4937555281766,
    "116": 888.7265400428031,
    "117": 897.3820246848816,
    "118": 906.4683858375754,
    "119": 915.9932547858893,
    "120": 925.9636887119864,
    "121": 936.3861411777434,
    "122": 947.2664320945601,
    "123": 958.6097171804086,
    "124": 970.420456904129,
    "125": 982.7023849169786,
    "126": 995.4584759714148,
    "127": 1008.6909133271347,
    "128": 1022.4010556443543,
    "129": 1036.589403364343,
    "130": 1051.2555645771833,
    "131": 1066.398220376807,
    "132": 1082.015089703254,
    "133": 1098.102893672176,
    "134": 1114.6573193916076,
    "135": 1131.672983265969,
    "136": 1149.143393787306,
    "137": 1167.0609138137938,
    "138": 1185.4167223354816,
    "139": 1204.2007757272743,
    "140": 1223.401768489165,
    "141": 1243.0070934737346,
    "142": 1263.002801600848,
    "143": 1283.3735610596532,
    "144": 1304.1026159977866,
    "145": 1325.1717446978362,
    "146": 1346.5612172410652,
    "147": 1368.2497526583513,
    "148": 1390.2144755684044,
    "149": 1412.4308723032073,
    "150": 1434.872746520713,
    "151": 1457.5121743047864,
    "152": 1480.3194587523888,
    "153": 1503.2630840480174,
    "154": 1526.3096690253706,
    "155": 1549.423920216294,
    "156": 1572.5685843869317,
    "157": 1595.7044005611585,
    "158": 1618.7900515312285,
    "159": 1641.7821148557061,
    "160": 1664.6350133445933,
    "161": 1687.3009650317592,
    "162": 1709.7299326345694,
    "163": 1731.8695725007854,
    "164": 1753.665183042705,
    "165": 1775.059652658547,
    "166": 1795.99340714109,
    "167": 1816.4043565735271,
    "168": 1836.2278417126283,
    "169": 1855.3965798590739,
    "170": 1873.8406102150902,
    "171": 1891.4872387293094,
    "172": 1908.2609824288702,
    "173": 1924.0835132387804,
    "174": 1938.873601288518,
    "175": 1952.5470577058716,
    "176": 1965.0166768980318,
    "177": 1976.1921783199375,
    "178": 1985.9801477298504,
    "179": 1994.2839779321992,
    "180": 2001.0038090076453,
    "181": 2006.036468030408,
    "182": 2009.2754082728336,
    "183": 2010.6106478972108,
    "184": 2009.9287081348355,
    "185": 2007.1125509523115,
    "186": 2002.0415162051024,
    "187": 1994.5912582783342,
    "188": 1984.6336822148535,
    "189": 1972.0368793304908,
    "190": 1956.6650623166158,
    "191": 1938.37849982992,
    "192": 1917.033450569448,
    "193": 1892.482096840861,
    "194": 1864.5724776079724,
    "195": 1833.1484210315023,
    "196": 1798.049476495112,
    "197": 1759.1108461186307
}